{
  "26": 0.43440174886158517,
  "27": 0.653860699278968,
  "28": 0.6137720091002329,
  "29": 0.9494704263550894,
  "30": 0.8455053423132217,
  "31": -0.0650582815919603
}